ON	301	^(.*)\?nocache=.*$	/$1
ON	301	^/author/.*$	/
ON	301	^/blog/page/\d+/?$	/
ON	301	^/blog/category/.*$	/
ON	410	^(.*/)?feed/?$	
ON	410	^/blog/(category|tag|page|feed).*	
ON	301	^/blog/.*/([^/]+)/?$	/$1/
ON	301	/architect-advantage-thank-you/	https://develop-coaching.com/architect-advantage-thank-you.html
ON	301	/architect-advantage	https://develop-coaching.com/architect-advantage.html
ON	301	/uk-cost-guide-download-2/	/aus-cost-guide-download/
ON	301	/thank-you-2/	/thank-you-5m-builder-gameplan/
ON	301	/the-5-pillars-scale/	/5-pillars-free-trainings/scale/
ON	301	/the-5-pillars-deliver/	/5-pillars-free-trainings/deliver/
ON	301	/the-5-pillars-convert/	/5-pillars-free-trainings/convert/
ON	301	/the-5-pillars-attract/	/5-pillars-free-trainings/attract/
ON	301	/5-pillars-plan/	/5-pillars-free-trainings/plan/
ON	301	/built-to-cash-out/	/sell-your-construction-company/
ON	301	/podcast/8467-2/	https://develop-coaching.com/podcast/brand-competitor-advantage-john-lenker/
ON	301	/book-scales-session/	/book-scale-session/
ON	301	/dtc-call-only/	/book-scales-session/
ON	301	/feedback-frenzy-how-to-get-more-5-star-reviews-old-3/	/ultimate-pm-planner/
ON	301	/construction-podcast-2/	/construction-podcast/
ON	301	/corporate-structure-notice-april-2025/	/corporate-structure-notice/
ON	301	/thank-you-2/	/corporate-structure-notice-april-2025/
ON	301	/the-build-and-scale-summit/	/the-build-scale-summit/
ON	301	/the-build-and-scale-summit/	/the-build-and-scale-summit-2025/
ON	301	/schedule-a-call-book-2/	/schedule-a-call-subscribe/
ON	301	/5-steps-to-5-million-london-uk-2/	/the-build-and-scale-summit-2025/
ON	301	/the-build-scale-summit-2025/	/the-build-and-scale-summit-2025/
ON	301	/podcast-transcript/its-ok-to-quit-and-change-direction-with-rodric-lenheart/	https://develop-coaching.com/podcast-transcript/its-ok-to-quit-and-change-direction-with-rodric-lenheart-3/
ON	301	/podcast-transcript/its-ok-to-quit-and-change-direction-with-rodric-lenheart-2/	https://develop-coaching.com/podcast-transcript/its-ok-to-quit-and-change-direction-with-rodric-lenheart-3/
ON	301	/podcast-transcript/9475-2/	/construction-podcast/
ON	301	/download-build-your-future/	/download-book/
ON	301	/thank-you-subscribe/	/thank-you-subscribe-2/
ON	301	/construction-business-profits-2/	/construction-business-profits/
ON	301	/blog/2024/02/07/how-to-grow-your-construction-profit-margin-uk/	/blog/2024/02/07/construction-profit-margin-uk/
ON	301	/new-how-a-va-will-save-you-10-hours-a-week-and-make-you-more-🤑/	/va/
ON	301	/new-feedback-frenzy-how-to-get-more-5-reviews/	/feedback-frenzy-how-to-get-more-5-star-reviews/
ON	301	/new-finish-on-time-every-time/	/finish-on-time-every-time/
ON	301	/streamlined-procurement-system-2/	/streamlined-procurement-system/
ON	301	/new-the-optimised-office-team/	/the-optimised-office-team/
ON	301	/new-show-up-like-a-boss-in-2024/	/show-up-like-a-boss-in-2024/
ON	301	/new-the-switch-off/	/the-switch-off/
ON	301	/new-strategic-planning-for-2024/	/strategic-planning-for-2024/
ON	301	/new-the-big-growth-plan/	/the-big-growth-plan/
ON	301	/new-the-time-trade/	/the-time-trade/
ON	301	/the-hand-off-2/	/the-hand-off/
ON	301	/new-the-perfect-site-setup/	/the-perfect-site-setup/
ON	301	/new-the-architect-attractor/	/the-architect-attractor/
ON	301	/the-perfect-presentation-2/	/the-perfect-presentation/
ON	301	/new-the-client-magnet/	/the-client-magnet/
ON	301	/new-the-sales-mastery/	/the-sales-mastery/
ON	301	/the-outbound-marketing-machine-2/	/the-outbound-marketing-machine/
OFF	301	/the-outbound-marketing-machine/	/the-outbound-marketing-machine-old/
ON	301	/new-the-outbound-marketing-machine/	/the-outbound-marketing-machine-2/
ON	301	/new-attract-the-best/	/attract-the-best/
ON	301	/new-the-system-saver/	/the-system-saver/
ON	301	/new-the-daily-time-out/	/the-daily-timeout/
ON	301	/new-the-funnel-optimiser/	/the-funnel-optimiser/
ON	301	/new-the-lead-analyser/	/the-lead-analyser/
ON	301	/new-the-big-5/	/the-big-5/
ON	301	/new-social-supercharge/	/the-social-supercharge/
ON	301	/freedom-figure-new/	/the-freedom-figure/
ON	301	/the-5-pillars-2/	/the-5-pillars/
ON	301	/new-5-pilllars/	/the-5-pillars-2/
ON	301	/elementor-13208/	/new-how-a-va-will-save-you-10-hours-a-week-and-make-you-more-%f0%9f%a4%91/
ON	301	/elementor-13203/	/new-feedback-frenzy-how-to-get-more-5-reviews/
ON	301	/elementor-13198/	/new-finish-on-time-every-time/
ON	301	/elementor-13183/	/new-the-optimised-office-team/
ON	301	/elementor-13178/	/new-show-up-like-a-boss-in-2024/
ON	301	/elementor-13163/	/new-strategic-planning-for-2024/
ON	301	/elementor-13158/	/new-the-big-growth-plan/
ON	301	/elementor-13153/	/new-the-time-trade/
ON	301	/elementor-13145/	/the-hand-off-2/
ON	301	/elementor-13140/	/new-the-perfect-site-setup/
ON	301	/elementor-13132/	/new-the-architect-attractor/
ON	301	/elementor-13127/	/the-perfect-presentation-2/
ON	301	/elementor-13116/	/new-the-sales-mastery/
ON	301	/elementor-13102/	/new-attract-the-best/
ON	301	/elementor-13094/	/new-the-system-saver/
ON	301	/elementor-13089/	/new-the-daily-time-out/
ON	301	/elementor-13075/	/new-the-lead-analyser/
ON	301	/elementor-13050/	/freedom-figure-new/
ON	301	/blog/2024/03/06/unlocking-growth-through-construction-business-networking/	/blog/2024/03/06/construction-networking/
ON	301	/blog/2023/01/24/how-to-grow-your-construction-company/	/blog/2023/01/24/how-to-grow-a-construction-business/
OFF	301	/blog/2023/01/24/how-to-grow-a-construction-business/	/blog/2023/01/24/how-to-grow-your-construction-company/
ON	301	/stephen-and-ashley-testimonial/	/stephen-and-ashley-testimonial-2/
ON	301	/blog/2019/09/11/how-to-find-and-keep-excellent-staff/	/blog/2019/09/11/finding-skilled-tradesmen/
ON	301	/blog/2022/07/05/how-to-become-a-trade-mastermind-in-your-construction-business/	/blog/2022/07/05/trade-mastermind-construction/
ON	301	/blog/2022/02/06/importance-of-setting-goals/	/blog/2022/02/06/construction-business-goals/
ON	301	/blog/2023/02/27/how-to-optimise-your-sales-funnel-in-your-construction-business/	/blog/2023/02/27/construction-sales-funnel/
ON	301	/blog/2021/09/09/profit-and-loss-report/	/blog/2021/09/09/profit-and-loss-statement-for-small-construction-company/
ON	301	/blog/2019/06/24/stop-wasting-time-on-quotes/	/blog/2019/06/24/how-to-stop-wasting-time-on-quotes/
ON	301	/blog/2021/11/04/finding-your-usp/	/blog/2021/11/04/usp-for-construction-company-2/
ON	301	/blog/2020/04/02/cut-expenses-for-construction-business/	/blog/2020/04/02/cost-cutting-in-construction/
ON	301	/blog/2020/04/17/how-can-i-make-the-best-use-of-my-time-at-home/	/blog/2020/04/17/how-to-grow-a-construction-business-2/
ON	301	/va-checklist/	/va/
ON	301	/how-a-virtual-assistant-can-get-your-construction-business-to-1m/	/va-checklist/
ON	301	/blog/2021/10/15/get-client-to-leave-a-review/	/blog/2021/10/15/customer-reviews-for-construction-company/
ON	301	/blog/2021/12/28/time-to-come-off-the-tools/	/blog/2021/12/28/getting-off-the-tools/
ON	301	/blog/2022/04/02/how-to-get-construction-clients/	/blog/2022/04/02/how-to-get-clients-in-construction/
ON	301	/blog/2021/09/09/digital-marketing/	/blog/2021/09/09/digital-marketing-construction/
ON	301	/blog/2021/09/29/image-and-construction-brand/	/blog/2021/09/29/construction-brand/
ON	301	/blog/2022/10/10/how-to-measure-business-performance/	/blog/2022/10/10/construction-business-performance/
ON	301	/blog/2023/06/27/how-to-use-social-media-for-your-construction-business-in-2023/	/blog/2023/06/27/how-to-use-social-media-for-construction-business/
ON	301	/blog/2022/05/03/win-back-time-construction-business/	/blog/2022/05/03/time-in-construction/
ON	301	/blog/2022/11/02/your-guide-to-construction-business-systems-processes/	/blog/2022/11/02/construction-business-systems/
ON	301	/blog/2023/12/29/navigating-the-numbers-effective-construction-company-accounts/	/blog/2023/12/29/accounting-for-construction-companies/
ON	301	/blog/2022/04/26/recruit-construction-business/	/blog/2022/04/26/how-to-recruit-for-your-construction-business-2/
ON	301	/blog/2022/05/04/best-social-media-platforms-for-construction-compani/	/blog/2022/05/04/best-social-media-platforms-for-construction-companies/
ON	301	/blog/2022/05/04/social-media-for-construction/	/blog/2022/05/04/best-social-media-platforms-for-construction-compani/
ON	301	/blog/2022/09/08/usp-beginners-guide/	/blog/2022/09/08/usp-for-construction-company/
ON	301	/blog/2023/03/30/maximizing-profits-how-to-save-money-in-your-construction-business/	/blog/2023/03/30/construction-business-profits/
ON	301	/blog/2022/12/06/business-coach-construction/	/blog/2022/12/06/business-coaching-for-construction/
ON	301	/blog/2022/12/06/business-coaching-for-construction-strategies-for-success/	/blog/2022/12/06/business-coach-construction/
ON	301	/blog/2022/12/06/why-need-construction-business-coach/	/blog/2022/12/06/business-coaching-for-construction-strategies-for-success/
ON	301	/blog/2023/01/02/the-8-best-tools-for-marketing-your-construction-business/	/blog/2023/01/02/construction-business-marketing/
ON	301	/blog/2023/01/24/the-ultimate-guide-to-growing-your-construction-company/	/blog/2023/01/24/how-to-grow-a-construction-business/
ON	301	/blog/2021/12/15/find-best-tradespeople/	/blog/2021/12/15/how-to-find-good-tradesmen/
ON	301	/blog/2022/02/13/plan-your-site-set-up/	/blog/2022/02/13/construction-site-set-up-plan/
ON	301	/the-freedom-figure-2/	/brad-testimonial/
ON	301	/blog/2019/08/19/paid-digital-advertising/	/blog/2019/08/19/digital-marketing-for-construction/
ON	301	/blog/2022/04/26/how-much-money-do-i-need-to-retire/	/blog/2022/04/26/sell-construction-company/
ON	301	/blog/2019/07/31/social-media-construction/	/blog/2019/07/31/social-media-construction-industry/
ON	301	/blog/2019/07/31/social-media-construction-company/	/blog/2019/07/31/social-media-construction/
ON	301	/blog/2023/05/30/do-you-have-a-12-month-plan-for-your-construction-business/	/blog/2023/05/30/construction-business-plan/
ON	301	/blog/2024/05/06/construction-project-management10-tips-for-successful-construction-project-management/	/blog/2024/05/06/construction-project-management/
ON	301	/blog/2024/04/04/unlocking-the-secrets-of-effective-construction-lead-generation/	/blog/2024/04/04/construction-lead-generation/
ON	301	/blog/2021/09/23/benefits-of-the-federation-of-master-builders/	/blog/2021/09/23/federation-of-master-builders/
ON	301	/blog/2021/09/23/benefits-of-trade-groups/	/blog/2021/09/23/benefits-of-the-federation-of-master-builders/
ON	301	/blog/2023/10/31/ready-to-transform-your-construction-business-with-marketing/	/blog/2023/10/31/construction-marketing/
ON	301	/blog/2021/09/29/image-and-branding/	/blog/2021/09/29/image-and-construction-brand/
ON	301	/blog/2024/02/07/how-to-grow-your-construction-company-profit-margin/	/blog/2024/02/07/how-to-grow-your-construction-profit-margin-uk/
ON	301	/finish-on-time-every-time-2/	/win-big-clients/
ON	301	/blog/2024/05/06/10-tips-for-successful-construction-project-management/	/blog/2024/05/06/construction-project-management10-tips-for-successful-construction-project-management/
ON	301	/blog/2024/05/06/10-ways-to-construction-project-management-effectively/	/blog/2024/05/06/10-tips-for-successful-construction-project-management/
ON	301	/blog/2024/05/06/10-ways-to-effectively-manage-a-construction-business/	/blog/2024/05/06/10-ways-to-construction-project-management-effectively/
ON	301	/landing-pages-template/	/the-social-supercharge/
ON	301	/the-achitect-attractor/	/the-architect-attractor/
ON	301	/landing-pages-template-5/	/the-lead-analyser/
ON	301	/landing-pages-template-3/	/the-5-pillars/
ON	301	/landing-pages-template-4/	/the-big-5/
ON	301	/landing-pages-template-6/	/the-funnel-optimiser/
ON	301	/landing-pages-template-7/	/the-daily-timeout/
ON	301	/landing-pages-template-8-3/	/the-system-saver/
ON	301	/landing-pages-template-8-2/	/attract-the-best/
ON	301	/landing-pages-template-8-3-2/	/the-outbound-marketing-machine/
ON	301	/landing-pages-template-8-3-2-2-3/	/the-sales-mastery/
ON	301	/landing-pages-template-8-3-2-2-2/	/the-client-magnet/
ON	301	/landing-pages-template-8-3-2-2/	/the-perfect-presentation/
ON	301	/landing-pages-template-8-3-2-2-2-2/	/the-achitect-attractor/
ON	301	/landing-pages-template-8-3-2-2-2-2-2/	/the-perfect-site-setup/
ON	301	/landing-pages-template-8-3-2-2-2-2-2-2/	/the-hand-off/
ON	301	/landing-pages-template-8-3-2-2-2-2-2-2-2/	/the-time-trade/
ON	301	/landing-pages-template-8-3-2-2-2-2-2-2-2-2/	/the-big-growth-plan/
ON	301	/landing-pages-template-8-3-2-2-2-2-2-2-2-2-2/	/strategic-planning-for-2024/
ON	301	/landing-pages-template-8-3-2-2-2-2-2-2-2-2-2-2/	/the-switch-off/
ON	301	/landing-pages-template-8-3-2-2-2-2-2-2-2-2-2-2-2/	/show-up-like-a-boss-in-2024/
ON	301	/landing-pages-template-8-3-2-2-2-2-2-2-2-2-2-2-2-2/	/the-optimised-office-team/
ON	301	/landing-pages-template-8-3-2-2-2-2-2-2-2-2-2-2-2-2-2/	/streamlined-procurement-system/
ON	301	/landing-pages-template-8-3-2-2-2-2-2-2-2-2-2-2-2-2-2-2/	/finish-on-time-every-time/
ON	301	/landing-pages-template-8-3-2-2-2-2-2-2-2-2-2-2-2-2-2-2-2/	/feedback-frenzy-how-to-get-more-5-star-reviews/
ON	301	/landing-pages-template-8-3-2-2/	/landing-pages-template-8-3-2-2-3/
ON	301	/landing-pages-template-2/	/the-freedom-figure/
ON	301	/blog/2024/05/02/10-ways-to-effectively-manage-a-construction-business/	/blog/2024/05/06/10-ways-to-effectively-manage-a-construction-business/
ON	301	/landing-pages-template-8/	/landing-pages-template-8-3/
ON	301	/landing-pages-template/	/landing-pages-template-2/
ON	301	/5-steps-to-5-million-edinburgh-registration/	/5-steps-to-5-million-edinburgh-registration-2/
ON	301	/freedom-figure/	/landing-pages-template/
ON	301	/5-steps-to-5-million-london-vip/	/upgradelondonvip/
ON	301	/5-steps-to-5-million-edinburgh-2/	/5-steps-to-5-million-edinburgh-registration/
ON	301	/build-your-future-2024/	/5-steps-to-5-million/
ON	301	/schedule/	/schedule-a-call/
OFF	301	/schedule-a-call/	/schedule2/
ON	301	/download-book-2/	/download-book-form/
ON	301	/elementor-8835/	/build-your-future-2024/
ON	301	/build-your-future-event/	/build-your-future-event-page/
ON	301	/build-your-future-event-2/	/build-your-future/
ON	301	/event-sample/	/build-your-future-event-2/
ON	301	/test-2/	https://www.develop-coaching.com/
ON	301	/electrical/	/electrical-business-coach/
ON	301	/build-your-future-event/	/.
ON	301	/the-schedule-page-2/	/event-booking/
OFF	301	/event-booking/	/the-schedule-page-2/
OFF	301	/the-schedule-page-2/	/event-booking/
ON	301	^/(.*?)/tag/$	https://www.develop-coaching.com/blog/
ON	301	/sample-page/	/
ON	301	/maximizing-profits-how-to-save-money-in-your-construction-business-2/	/how-to-recruit-for-your-construction-business/
ON	301	/the-develop-coaching-podcast/	/construction-podcast/
ON	301	/case-study	/about-greg-wilkes
ON	301	/services/bespoke-training	/home
ON	301	/services/building-your-future	/home
OFF	301	/services/win-big-clients/	/courses/win-big-clients/
ON	301	/about-me/	/about-greg-wilkes
ON	301	/my-story/	/about-greg-wilkes
ON	301	/book-download-copy/	/download-book/
ON	301	/your-guide-to-construction-business-systems-processes-copy/	/why-need-construction-business-coach/
ON	301	/home-v2/	/home-2/
ON	301	/your-step-by-step-guide-to-construction-business-systems-processes/	/your-guide-to-construction-business-systems-processes/
ON	301	/usp-beginners-guide-copy/	/how-to-measure-business-performance/
ON	301	/how-to-use-social-media-for-your-construction-business/	/social-media-for-construction/
OFF	301	/how-to-recruit-for-your-construction-business/	/recruit-construction-business/
ON	301	/3-ways-to-attract-the-right-kind-of-clients/	/attract-the-right-clients/
ON	301	/how-to-win-back-time-in-your-construction-business/	/win-back-time-construction-business/
ON	301	/coronavirus-pandemic-affect-construction-business/	/pandemic-affect-construction/
ON	301	/elementor-3066/	/15-minute-scale-session/
OFF	301	/15-minute-scale-session/	/elementor-3066/
OFF	301	/elementor-3066/	/15-minute-scale-session/
ON	301	/elementor-2795/	/greg-wilkes-media/
ON	301	/elementor-2778/	/win-big-clients-webinar/
ON	301	/services/win-blig-clients-webinar/	/services/win-big-clients-webinar/
ON	301	/media/	/how-we-work/
OFF	301	/how-we-work/	/media/
ON	301	/get-ahead-with-digital-marketing/	/digital-marketing/
ON	301	/services/strategy-course/	/services/mastermind-course/
ON	301	/develop-case-study/	/about-me/
ON	301	/services/purchase-book/	/services/building-your-future/
ON	301	/design-and-technical-drawings/	/drawings/
ON	301	/turn-your-property-into-a-luxurious-home/	/turn-your-property-into-luxurious-home/
ON	301	/planning-permission-for-a-loft-conversion/	/planning-permission-for-loft-conversion/
ON	301	/home-extension-with-wow-factor-part-1/	/home-extension-guide-experts-required/
ON	301	/home-extension-with-wow-factor-part-2/	/home-extension-guide-planningpermission/
ON	301	/home-extension-with-wow-factor-part-3/	/home-extension-guide-extension-types/
ON	301	/creating-a-home-extension-with-the-wow-factor-part-4-roofs/	/home-extension-guide-roofs/
ON	301	/home-extension-with-the-wow-factor-windows-and-doors/	/home-extension-guide-windows-doors/
ON	301	/the-home-extension-process/	/home-extension-guide-the-process/
ON	301	/creating-home-extension-wow-factor-heating-electric/	/home-extension-guide-electrics/
ON	301	/home-extension-with-wow-factor-natural-light/	/home-extension-guide-natural-light/
ON	301	/home-extension-with-wow-factor-electrical-light/	/home-extension-guide-electrical-light/
ON	301	/home-extension-with-the-wow-factor-part-10-smart-technology/	/home-extension-guide-smart-technology/
ON	301	/services/extensions/	/services/home-extensions/
ON	301	/part-7-8-part-guide-ideal-loft-conversion-inspiring-bathroom-design-ideas	/inspiring-bathroom-design-ideas/
ON	301	/part-6-8-part-guide-ideal-loft-conversion-storage/	/practical-storage-solutions/
ON	301	/need-additional-space-house-considered-converting-garage/	/convert-garage-for-additional-space/
ON	301	/cant-go-can-go-basement-conversions-create-space/	/basement-conversions-create-space/
ON	301	/turn-40k-investment-into-260k-roi-within-10-weeks/	/40k-investment-to-260k-roi-in-10-weeks/
ON	301	/thinking-getting-new-kitchen-advice-get-started/	/new-kitchen-advice/
ON	301	/planning-loft-conversion-things-need-know/	/planning-loft-conversion-things-to-know/
ON	301	/planning-house-extension-things-need-know/	/planning-house-extension-things-to-know/
ON	301	/creating-space-hide-away-loft-become-retreat/	/creating-space-loft-can-become-retreat/
ON	301	/black-friday-sale-starts-now-2-5-discount-off-quote/	/black-friday-sale-starts-now/
ON	301	/welcome-jeffery-wilkes-building-contractors-ltd-blog/	/welcome-to-the-jeffery-and-wilkes-blog/
ON	301	/transform-home-save-money-stylish-renovation/	/transform-home-with-stylish-renovation/
ON	301	/planning-house-extension-loft-conversion-summer-start-process-now/	/planning-home-extension-loft-conversion/
ON	301	/home-renovations-extensions-disabilities/	/home-renovation-extension-disabilities/
ON	301	/home-extensions-three-great-ideas-for-your-home-extension/	/3-great-ideas-for-your-home-extension/
ON	301	/home-extensions-home-extension-london-earn-fortune-next-year/	/home-extension-london-earn-a-fortune/
ON	301	/got-january-blues-weve-got-great-home-improvement-ideas-excite/	/great-home-improvement-ideas/
ON	301	/ensure-choosing-right-company-refurbish-home/	/choosing-right-company-refurbish-home/
ON	301	/choose-right-refurbishment-service-london/	/choose-refurbishment-service-london/
ON	301	/6-compelling-reasons-need-loft-conversion/	/6-reasons-you-need-a-loft-conversion/
ON	301	/stylish-home-renovation-london-can-make-house-home/	/stylish-home-renovation-in-london/
ON	301	/refurbish-property-give-space-live-breathe-grow/	/space-to-live-breathe-and-grow/
ON	301	/extension-bungalow-best-decision-can-make/	/an-extension-to-your-bungalow/
ON	301	/5-reasons-ealing-one-best-places-live-london/	/5-reasons-to-live-in-ealing-london/
ON	301	/how-can-you-add-the-wow-factor-to-your-home/	/add-the-wow-factor-to-your-home/
ON	301	/cant-decide-benefit-home-extension-home-refurbishment/	/home-extension-or-home-refurbishment/
ON	301	/how-can-i-fund-the-renovation-for-my-dream-home/	/how-can-i-fund-my-renovation/
ON	301	/deciding-which-builder-to-choose-for-your-project-can-be-difficult/	/choosing-a-builder-can-be-difficult/
ON	301	/permitted-development-neighbourhood-consultation-scheme/	/the-neighbourhood-consultation-scheme/
ON	301	/new-19c-double-storey-extension/	/19c-double-storey-extension/
ON	301	/part-5-8-part-guide-ideal-loft-conversion-heating-lighting/	/heating-and-lighting/
ON	301	/part-4-of-our-8-part-guide-to-your-ideal-loft-conversion-loft-staircases/	/loft-staircases/
ON	301	/part-3-8-part-guide-ideal-loft-conversion-use-natural-light-create-amazing-space/	/how-to-use-natural-light/
ON	301	/ideal-loft-conversion-part-2-types-of-loft-conversion/	/types-of-loft-conversion/
ON	301	/your-ideal-loft-conversion-part-1-of-our-8-part-guide/	/your-ideal-loft-conversion/
ON	301	/part-8-of-our-8-part-guide-to-your-ideal-loft-conversion-latest-technology/	/using-latest-technology/
ON	301	/part-7-8-part-guide-ideal-loft-conversion-inspiring-bathroom-design-ideas/	/inspiring-bathroom-design-ideas/
ON	301	/designandbuild/a	https://www.jefferyandwilkes.co.uk/design-and-build/
ON	301	/blog/10-jobs-to-protect-your-home-this-winter.html	/10-jobs-protect-home-winter/
ON	301	/blog/are-you-considering-a-new-or-renovated-bathroom.html	/considering-new-renovated-bathroom/
ON	301	/blog/new-design-service.html	/new-design-service/
ON	301	/blog/new-kitchen-advice.html	/thinking-getting-new-kitchen-advice-get-started/
ON	301	/blog/loft-conversion-need-to-know.html	/planning-loft-conversion-things-need-know/
ON	301	/blog/house-extension-advice.html	/planning-house-extension-things-need-know/
ON	301	/blog/loft-conversion-design-advice.html	/ideas-advice-designing-loft-conversion/
ON	301	/blog/if-you-need-additional-space-in-your-house-have-you-considered-converting-your-garage.html	/need-additional-space-house-considered-converting-garage/
ON	301	/blog/house-extension-benefits.html	/can-extend-home-benefits-2/
ON	301	/blog/home-adaptations-for-those-with-disabilities.html	/home-adaptations-disabilities/
ON	301	/blog/planning-for-summer.html	/planning-house-extension-loft-conversion-summer-start-process-now/
ON	301	/ideas-outside-home-improvements/	/blog/home-improvements.html
ON	301	/blog/help-i-have-no-space-and-cannot-afford-to-move.html	/help-no-space-cannot-afford-move/
ON	301	/blog/top-ten-tips-to-add-value-to-your-home.html	/top-ten-tips-add-value-home/
ON	301	/blog/10-jobs-to-protect-your-home-this-winter.html	/10-jobs-protect-home-winter/
ON	301	/blog/how-to-add-20-per-cent-to-your-property-price.html	/want-add-20-property-price-heres/
ON	301	/blog/staircases-for-loft-conversions-ideas-to-explore.html	/staircases-loft-conversions-ideas-explore/
ON	301	/blog/turn-your-end-of-year-bonus-into-an-investment.html	/turn-end-year-bonus-investment/
ON	301	/blog/january-blues.html	/got-january-blues-weve-got-great-home-improvement-ideas-excite/
ON	301	/blog/getting-the-builders-in-how-long-is-it-likely-to-take.html	/getting-builders-long-likely-take/
ON	301	/blog/how-to-add-space-to-your-west-london-home.html	/cant-go-can-go-basement-conversions-create-space/
ON	301	/blog/basement-conversions-to-create-more-space.html	/cant-go-can-go-basement-conversions-create-space/
ON	301	/blog/what-to-do-with-your-teenagers-when-they-have-outgrown-your-house.html	/teenagers-theyve-outgrown-house/
ON	301	/blog/getting-roi-from-your-home-extension.html	/getting-roi-home-extension/
ON	301	/blog/5-reasons-ealing-is-one-of-the-best-places-to-live-in-london.html	/5-reasons-ealing-one-best-places-live-london/
ON	301	/blog/how-to-add-wow-factor-with-a-home-extension.html	/add-wow-factor-home-extension/
ON	301	/blog/how-to-create-rooms-that-improve-your-wellbeing.html	/create-rooms-improve-wellbeing/
ON	301	/blog/can-you-have-it-all-creating-space-and-the-wow-factor.html	/can-creating-space-wow-factor/
ON	301	/blog/5-tips-for-adding-style-to-your-loft-conversion.html	/5-tips-adding-style-loft-conversion/
ON	301	/blog/could-your-loft-become-your-retreat.html	/creating-space-hide-away-loft-become-retreat/
ON	301	/blog/cost-of-commuting-vs-extending-your-london-home.html	/cost-commuting-vs-extending-london-home/
ON	301	/blog/how-can-i-extend-my-home-and-what-are-the-benefits.html	/can-extend-home-benefits/
ON	301	/blog/home-renovations-and-extensions-for-those-with-disabilities.html	/home-renovations-extensions-disabilities/
ON	301	/blog/the-benefits-of-a-loft-conversion.html	/benefits-loft-conversion/
ON	301	/blog/we-are-having-a-refurbishment-of-our-own.html	/jeffery-wilkes-excited-announce-refurbishment/
ON	301	/blog/business-for-good-how-we-re-all-making-a-difference.html	/business-good-making-difference/
ON	301	/public-sector.php	/services/commercial/
ON	301	/disabled-adaptations.php	/design-and-build/
ON	301	/about.html	/why-jw/
ON	301	/loft-conversions.php	/services/loft-conversions/
ON	301	/contact-us.html	/contact/
ON	301	/galleries/public-sector.html	/portfolio/
ON	301	/galleries/extensions.html	/portfolio/
ON	301	/installation-services/roofing-carpentry.html	/design-and-build/
ON	301	/installation-services/public-sector.html	/services/commercial/
ON	301	/plumber.html	/design-and-build/
ON	301	/installation-services/luxury-bathrooms.html	/services/refurbishments/
ON	301	/installation-services/kitchens.html	/services/refurbishments/
ON	301	/electrical-services.html	/design-and-build/
ON	301	/installation-services/eco-lofts.html	/services/loft-conversions/
ON	301	/installation-services/disabled-adaptations.html	/design-and-build/
ON	301	/extensions/planning-permission-faq-s.html	/services/home-extensions/
ON	301	/about/references-and-testimonials.html	/portfolio/
ON	301	/about/references-and-testimonials.html	/portfolio/
ON	301	/galleries/public-sector.html	/portfolio/
ON	301	/galleries/loft-conversions.html	/portfolio/
ON	301	/galleries/extensions.html	/portfolio/
ON	301	/blog.html	/blog/
ON	301	/installation-services/roofing-carpentry.html	/design-and-build/
ON	301	/installation-services/public-sector.html	/services/commercial/
ON	301	/plumber.html	/design-and-build/
ON	301	/luxury-bathrooms.html	/services/refurbishments/
ON	301	/electrical-services.html	/design-and-build/
ON	301	/installation-services/eco-lofts.html	/loft-conversions/
ON	301	/installation-services/disabled-adaptations.html	/design-and-build/
ON	301	/extensions/planning-permission-faq-s.html	/services/extensions/
ON	301	/extensions.html	/services/home-extensions/
ON	301	/loft-conversions/loft-conversion-faq-s.html	/services/loft-conversions/
ON	301	/loft-conversions.html	/services/loft-conversions
ON	301	/about/references-and-testimonials.html	/why-jw/
ON	301	/about.html	/about-us
ON	301	/www.develop-coaching.com/about-me	www.develop-coaching.com/about-greg-wilkes
ON	301	/your-guide-to-construction-business-systems-processes-copy/	https://develop-coaching.com/why-need-construction-business-coach/
ON	301	/your-step-by-step-guide-to-construction-business-systems-processes/	https://develop-coaching.com/why-need-construction-business-coach/
ON	301	/usp-beginners-guide-copy/	https://develop-coaching.com/why-need-construction-business-coach/
ON	301	/your-step-by-step-guide-to-construction-business-systems-processes/	https://develop-coaching.com/your-guide-to-construction-business-systems-processes/
ON	301	/usp-beginners-guide-copy/	https://develop-coaching.com/your-guide-to-construction-business-systems-processes/
ON	301	/usp-beginners-guide-copy/	https://develop-coaching.com/how-to-measure-business-performance/
ON	301	/3-ways-to-attract-the-right-kind-of-clients/	https://develop-coaching.com/attract-the-right-clients/
ON	301	/how-to-win-back-time-in-your-construction-business/	https://develop-coaching.com/win-back-time-construction-business/
ON	301	/how-to-use-social-media-for-your-construction-business/	https://develop-coaching.com/social-media-for-construction/
OFF	301	/how-to-recruit-for-your-construction-business/	https://develop-coaching.com/recruit-construction-business/
ON	301	/how-much-money/	https://develop-coaching.com/how-much-money-do-i-need-to-retire/
ON	301	/your-guide-to-construction-business-systems-processes-copy/	https://develop-coaching.com/why-need-construction-business-coach/
ON	301	/your-step-by-step-guide-to-construction-business-systems-processes/	https://develop-coaching.com/why-need-construction-business-coach/
ON	301	/usp-beginners-guide-copy/	https://develop-coaching.com/why-need-construction-business-coach/
ON	301	/your-step-by-step-guide-to-construction-business-systems-processes/	https://develop-coaching.com/your-guide-to-construction-business-systems-processes/
ON	301	/usp-beginners-guide-copy/	https://develop-coaching.com/your-guide-to-construction-business-systems-processes/
ON	301	/usp-beginners-guide-copy/	https://develop-coaching.com/how-to-measure-business-performance/
ON	301	/3-ways-to-attract-the-right-kind-of-clients/	https://develop-coaching.com/attract-the-right-clients/
ON	301	/how-to-win-back-time-in-your-construction-business/	https://develop-coaching.com/win-back-time-construction-business/
ON	301	/how-to-use-social-media-for-your-construction-business/	https://develop-coaching.com/social-media-for-construction/
OFF	301	/how-to-recruit-for-your-construction-business/	https://develop-coaching.com/recruit-construction-business/
ON	301	/how-much-money/	https://develop-coaching.com/how-much-money-do-i-need-to-retire/
ON	301	/get-ahead-with-digital-marketing/	https://develop-coaching.com/digital-marketing/
ON	301	/how-to-understand-a-pl-report/	https://develop-coaching.com/profit-and-loss-report/
ON	301	/how-to-get-a-client-to-leave-a-review/	https://develop-coaching.com/get-client-to-leave-a-review/
ON	301	/coronavirus-pandemic-affect-construction-business/	https://develop-coaching.com/pandemic-affect-construction/
ON	301	/how-to-get-a-client-to-leave-a-review/	https://develop-coaching.com/get-client-to-leave-a-review/
ON	301	/3-ways-to-attract-the-right-kind-of-clients/	https://develop-coaching.com/attract-the-right-clients/
ON	301	/how-to-use-social-media-for-your-construction-business/	https://develop-coaching.com/social-media-for-construction/
ON	301	/how-much-money/	https://develop-coaching.com/how-much-money-do-i-need-to-retire/
ON	301	/how-to-understand-a-pl-report/	https://develop-coaching.com/profit-and-loss-report/
ON	301	/coronavirus-pandemic-affect-construction-business/	https://develop-coaching.com/pandemic-affect-construction/
ON	301	/your-step-by-step-guide-to-construction-business-systems-processes/	https://develop-coaching.com/your-guide-to-construction-business-systems-processes/
ON	301	/usp-beginners-guide-copy/	https://develop-coaching.com/your-guide-to-construction-business-systems-processes/
ON	301	/usp-beginners-guide-copy/	https://develop-coaching.com/how-to-measure-business-performance/
ON	301	/how-to-win-back-time-in-your-construction-business/	https://develop-coaching.com/win-back-time-construction-business/
OFF	301	/how-to-recruit-for-your-construction-business/	https://develop-coaching.com/recruit-construction-business/
ON	301	/get-ahead-with-digital-marketing/	https://develop-coaching.com/digital-marketing/