slug,url,pillar,all_categories,body_class_pillars,h1,h1_count,title,title_len,meta_description,meta_len,canonical,words,h2_count,first_h2,intro_first_60,schema_headline,images,images_missing_alt,question_headings,lists,internal_links,schema_author,schema_published,schema_section,em_dashes,pillar_links,category_links_in_body,modified,already_migrated,flags,flag_count,geo_score,geo_weakest
accounting-for-construction-companies,https://develop-coaching.com/accounting-for-construction-companies/,Deliver,Deliver,Deliver,Accounting for Construction Companies: The Basics,1,Accounting for Construction Companies: The Basics,49,"Accounting for construction companies without the jargon: profit, budgeting, cash flow, the software worth using, and how to approach tax strategically.",152,https://develop-coaching.com/accounting-for-construction-companies/,2126,14,Navigating your construction company finances,"You do not need to enjoy accounting to run a profitable construction business, but you do need to understand four things",Accounting for Construction Companies: The Basics,1,0,8,4,4,Greg Wilkes,2023-12-29T16:07:39+00:00,Deliver,0,deliver,,2026-08-31T00:00:00+10:00,yes,,0,100,
attract-the-right-clients,https://develop-coaching.com/attract-the-right-clients/,Attract,Attract,Attract,"Attract the Right Construction Clients, Not Just More Leads",1,"Attract the Right Construction Clients, Not Just More Leads",59,"How to attract better construction clients: track where your leads come from, diversify past word of mouth, and pitch so architects and developers listen.",154,https://develop-coaching.com/attract-the-right-clients/,1966,7,Track Where Your Best Clients Came From,"Word of mouth gets a construction business started. It rarely gets one to the next level, because it brings you the same","Attract the Right Construction Clients, Not Just More Leads",1,0,2,3,9,Greg Wilkes,2022-08-02T07:43:09+00:00,Attract,0,attract,,2026-08-31T00:00:00+10:00,yes,,0,100,
become-financially-free,https://develop-coaching.com/become-financially-free/,Plan,Plan,Plan,How to Become Financially Free as a Business Owner,1,How to Become Financially Free as a Business Owner,50,"How to become financially free as a business owner: manage your time deliberately, delegate what you dislike, become mobile, and hold six months in cash.",153,https://develop-coaching.com/become-financially-free/,697,5,Six Months in Cash Changes How You Think,"Financial freedom is not about working harder or reaching a higher net worth. Jason Graystone, who got there before 30, ",How to Become Financially Free as a Business Owner,1,0,1,1,1,Greg Wilkes,2022-01-23T22:17:34+00:00,Plan,0,plan,,2026-09-02T00:00:00+10:00,yes,thin-697w,1,79,Question-shaped headings; Extractable lists; Depth; Internal routes
best-social-media-platforms-for-construction-companies,https://develop-coaching.com/best-social-media-platforms-for-construction-companies/,Attract,Attract,Attract,Best Content Marketing Platforms for Construction,1,Best Content Marketing Platforms for Construction,49,"The best content marketing platforms for construction companies: which ones are worth your time, how to choose the mix, and how to repurpose without burning out.",161,https://develop-coaching.com/best-social-media-platforms-for-construction-companies/,2288,7,"One Platform, Done Properly, Beats Five",No single platform works for every construction business. The right mix depends on whether you are chasing residential o,Best Content Marketing Platforms for Construction,1,0,3,8,6,Greg Wilkes,2022-05-04T17:54:29+00:00,Attract,0,attract,,2026-08-31T00:00:00+10:00,yes,,0,100,
business-coaching-for-construction,https://develop-coaching.com/business-coaching-for-construction/,Plan,Plan,Plan,Business Coaching for Construction: What It Changes,1,Business Coaching for Construction: What It Changes,51,"What business coaching for construction actually does: an honest look at your numbers, a growth strategy built on them, and delivery that stops leaking margin.",159,https://develop-coaching.com/business-coaching-for-construction/,1417,7,Start With a Financial Health Check,"Coaching does not add hours to your week. What it does is force an honest look at where the business actually stands, th",Business Coaching for Construction: What It Changes,2,0,2,2,1,Greg Wilkes,,Plan,0,plan,,2026-08-31T00:00:00+10:00,yes,,0,92,Extractable lists; Internal routes
construction-brand,https://develop-coaching.com/construction-brand/,Attract,Attract,Attract,Construction Brand: Build One That Wins Work,1,Construction Brand: Build One That Wins Work,44,"How to build a construction brand that wins work: why reputation decides who gets called, what strong brands do differently, and where to start if you are small.",161,https://develop-coaching.com/construction-brand/,1918,5,Trust Is the Whole Product,"A construction brand is not a logo. It is what a client believes about you before you have spoken, and in an industry wh",Construction Brand: Build One That Wins Work,1,0,6,1,1,Greg Wilkes,2021-09-29T12:41:58+00:00,Attract,0,attract,,2026-08-31T00:00:00+10:00,yes,,0,92,Extractable lists; Internal routes
construction-business-goals,https://develop-coaching.com/construction-business-goals/,Plan,Plan,Plan,Setting Clear Construction Business Goals,1,Setting Clear Construction Business Goals,41,"How to set construction business goals that hold: start with a vision the team understands, make them SMART, and choose growth the business can sustain.",152,https://develop-coaching.com/construction-business-goals/,1173,7,"Start With the Vision, Not the Number","A goal nobody can measure is a wish. Setting clear construction business goals is not only about profit, it is about giv",Setting Clear Construction Business Goals,2,0,2,5,1,Greg Wilkes,2022-02-06T21:35:07+00:00,Plan,0,plan,,2026-08-31T00:00:00+10:00,yes,,0,93,Depth; Internal routes
construction-business-marketing,https://develop-coaching.com/construction-business-marketing/,Uncategorized,Uncategorized,,How to Master Construction Business Marketing in 2025,1,How to Master Construction Business Marketing in 2024,53,Are you struggling to start a construction business marketing for your business? Take a look at our top 8 tools to take your marketing to another level!,152,https://develop-coaching.com/construction-business-marketing/,775,4,Develop a Strong Digital Presence,"Are you ready to take your construction business to new heights in 2025? In today’s competitive landscape, mastering con",How to Master Construction Business Marketing in 2024,1,0,0,0,2,Greg Wilkes,2023-01-02T17:41:54+00:00,Uncategorized,0,,,2026-04-27T07:35:28+00:00,no,fluffy-intro; schema-headline-drift; no-pillar-link,3,46,Direct answer up front; Question-shaped headings; Extractable lists; Depth; Schema integrity; Internal routes
construction-business-performance,https://develop-coaching.com/construction-business-performance/,Plan,Plan,Plan,Construction Business Performance: The Numbers to Track,1,Construction Business Performance: The Numbers to Track,55,"How to measure construction business performance: the financial KPIs worth tracking, what a healthy margin looks like, and where to act when one slips.",151,https://develop-coaching.com/construction-business-performance/,1713,7,Three Numbers That Tell You the Truth,You cannot improve construction business performance without measuring it. The numbers that matter most are financial: p,Construction Business Performance: The Numbers to Track,2,0,2,4,3,Greg Wilkes,2022-10-10T11:35:13+00:00,Plan,0,plan,,2026-08-31T00:00:00+10:00,yes,,0,100,
construction-business-plan,https://develop-coaching.com/construction-business-plan/,Plan,Plan,Plan,Construction Business Plan: Build a 12 Month Plan,1,Construction Business Plan: Build a 12 Month Plan,49,"How to build a 12 month construction business plan: set quarterly goals, pick the KPIs that track them, and keep the plan flexible enough to survive the year.",158,https://develop-coaching.com/construction-business-plan/,2390,6,Quarterly Goals Beat an Annual Wish List,"A 12 month plan is a roadmap: what you want to achieve, how you plan to achieve it, and by when. Its real job is making ",Construction Business Plan: Build a 12 Month Plan,1,0,4,2,13,Greg Wilkes,2023-05-30T16:03:52+00:00,Plan,0,plan,,2026-08-31T00:00:00+10:00,yes,,0,96,Extractable lists
construction-business-profits,https://develop-coaching.com/construction-business-profits/,Plan,Plan,Plan,Construction Business Profits: Find the Margin,1,Construction Business Profits: Find the Margin,46,"How to improve construction business profits: raise productivity on site, control overheads, manage cash flow, and turn good work into repeat business.",151,https://develop-coaching.com/construction-business-profits/,1191,7,Know What Each Job Actually Costs,"Most construction businesses do not need more work to make more money. The margin is usually already there, lost across ",Construction Business Profits: Find the Margin,1,0,1,1,1,Greg Wilkes,,Plan,0,plan,,2026-08-31T00:00:00+10:00,yes,,0,84,Question-shaped headings; Extractable lists; Depth; Internal routes
construction-business-systems,https://develop-coaching.com/construction-business-systems/,Scale,Scale,Scale,Construction Business Systems That Run Without You,1,Construction Business Systems That Run Without You,50,"How to build construction business systems that hold: set the vision, fix the communication rhythm, standardise operations, and use technology that earns its place.",164,https://develop-coaching.com/construction-business-systems/,915,5,Start With the Meeting Rhythm,"A system is not software. It is a decision made once, written down, and followed by everyone, so the business does not d",Construction Business Systems That Run Without You,2,0,1,1,1,Greg Wilkes,,Scale,0,scale,,2026-08-31T00:00:00+10:00,yes,,0,84,Question-shaped headings; Extractable lists; Depth; Internal routes
construction-cash-flow-management-the-blueprint-to-scaling-past-1m,https://develop-coaching.com/construction-cash-flow-management-the-blueprint-to-scaling-past-1m/,Scale,Scale,Scale,Construction Cash Flow Management Past £1M,1,Construction Cash Flow Management Past £1M,42,"Construction cash flow management for builders past £1M: a 90-day forecast, milestone payments, weekly reviews, and the traps that catch growing firms.",151,https://develop-coaching.com/construction-cash-flow-management-the-blueprint-to-scaling-past-1m/,2776,8,Build the 90 Day Forecast First,Past £1M your biggest threat is not a lack of work. More revenue does not mean more cash: a £500k contract means nothing,Construction Cash Flow Management Past £1M,1,0,2,4,7,Greg Wilkes,2026-06-03T17:27:33+00:00,Scale,0,scale,,2026-08-31T00:00:00+10:00,yes,,0,100,
construction-contracts,https://develop-coaching.com/construction-contracts/,Convert,Convert,Convert,How to Win Construction Contracts Without Cutting Price,1,How to Win Construction Contracts Without Cutting Price,55,"How to win UK construction contracts without under-pricing: six proven tactics that compete on value, plus the common pitfalls that lose bids before price.",155,https://develop-coaching.com/construction-contracts/,1638,8,Lowest Price Is Not the Same as Best Value,A Race You Don’t Want to Win Clients are increasingly buying best value rather than the lowest number. Show the benefits,How to Win Construction Contracts Without Cutting Price,1,0,6,3,2,Greg Wilkes,2025-07-25T12:11:24+00:00,Convert,0,convert,,2026-08-31T00:00:00+10:00,yes,,0,96,Internal routes
construction-job-pricing,https://develop-coaching.com/construction-job-pricing/,Convert,Convert,Convert,Construction Job Pricing: Price Every Job for Real Profit,1,Construction Job Pricing: Price Every Job for Real Profit,57,"How to price construction jobs for profit: work out true labour costs, cover waste and overheads, and hold a healthy net margin on every quote.",143,https://develop-coaching.com/construction-job-pricing/,1688,7,Build Every Price From Four Real Costs,"Construction job pricing is not just covering labour and materials. It is understanding every cost, adding a proper prof",Construction Job Pricing: Price Every Job for Real Profit,1,0,2,5,3,Greg Wilkes,2025-09-22T03:24:05+00:00,Convert,0,convert,,2026-08-31T00:00:00+10:00,yes,,0,100,
construction-lead-generation,https://develop-coaching.com/construction-lead-generation/,Attract,Attract,Attract,Construction Lead Generation: Attract Better Enquiries,1,Construction Lead Generation: Attract Better Enquiries,54,"Learn how construction companies can attract better-fit enquiries, reduce reliance on referrals and track leads through to qualified opportunities.",147,https://develop-coaching.com/construction-lead-generation/,1962,7,Reduce Reliance on Referrals and Track Better Leads,Construction lead generation is not just about creating more enquiries. The useful measure is whether the right prospect,Construction Lead Generation: Attract Better Enquiries,2,0,4,4,1,Greg Wilkes,2024-04-04T10:13:30+00:00,Attract,0,attract,,2026-08-31T00:00:00+10:00,yes,,0,96,Internal routes
construction-marketing,https://develop-coaching.com/construction-marketing/,Attract,Attract,,Ready to Transform Your Construction Business with Marketing?,2,Construction Marketing: 10 Proven Strategies for Success,56,Construction marketing may be more important than you realise. Take a look at top tips to get your marketing working for your business.,135,https://develop-coaching.com/construction-marketing/,2428,13,1. Diversify Your Lead Sources for Sustainable Growth,"If you’re in the construction business, you’re no stranger to the world of sweat, hard hats, and heavy machinery. But he",Construction Marketing: 10 Proven Strategies for Success,0,0,1,5,2,Greg Wilkes,2023-10-31T09:02:38+00:00,Attract,4,,,2026-04-27T07:29:46+00:00,no,h1-count-2; fluffy-intro; schema-headline-drift; em-dashes-4; no-pillar-link,5,57,Direct answer up front; Question-shaped headings; Heading structure; Schema integrity; Internal routes; Images and alt text; Brand compliance
construction-networking,https://develop-coaching.com/construction-networking/,Scale,Scale,Scale,Construction Networking: Five Ways to Make It Work,1,Construction Networking: Five Ways to Make It Work,50,"How to make construction networking pay: choosing the right events, preparing before you go, building real relationships, and measuring whether it works.",153,https://develop-coaching.com/construction-networking/,1426,6,Choose the Event Before You Choose the Pitch,"Construction is a relationship business, and most of the work that matters moves through people rather than adverts. Net",Construction Networking: Five Ways to Make It Work,2,0,2,5,4,Greg Wilkes,2024-03-06T10:33:26+00:00,Scale,0,scale,,2026-08-31T00:00:00+10:00,yes,,0,100,
construction-profit-margin-uk,https://develop-coaching.com/construction-profit-margin-uk/,Scale,Scale,Scale,Construction Profit Margin UK: What Good Looks Like,1,Construction Profit Margin UK: What Good Looks Like,51,"What a good construction profit margin looks like in the UK, how gross, operating and net margins differ, and eight practical ways to improve yours.",148,https://develop-coaching.com/construction-profit-margin-uk/,2334,6,"Three Margins, Three Different Answers","Margins in UK construction have been steadily decreasing over recent years, which makes knowing your own numbers more im",Construction Profit Margin UK: What Good Looks Like,2,0,6,32,5,Greg Wilkes,,Scale,0,scale,,2026-08-31T00:00:00+10:00,yes,,0,100,
construction-project-management,https://develop-coaching.com/construction-project-management/,Plan,Plan,Plan,Construction Project Management: Run Projects That Pay,1,Construction Project Management: Run Projects That Pay,54,"Construction project management for business owners: set goals the team can act on, control the budget, and run projects that finish without eating the margin.",159,https://develop-coaching.com/construction-project-management/,2347,12,"Budget First, Then Everything Else",Managing a construction business is not the same as managing a project. The owners who get both right run every project ,Construction Project Management: Run Projects That Pay,11,0,2,13,4,Greg Wilkes,2024-05-06T13:26:02+00:00,Plan,0,plan,,2026-08-31T00:00:00+10:00,yes,,0,100,
construction-sales-funnel,https://develop-coaching.com/construction-sales-funnel/,Convert,Convert,Convert,Construction Sales Funnel: Win Contracts at Better Margins,1,Construction Sales Funnel: Win Contracts at Better Margins,58,"A sales funnel for construction company owners turning over £1M+: qualify better leads, win more contracts, and build a pipeline that scales.",141,https://develop-coaching.com/construction-sales-funnel/,2368,10,What a Sales Funnel for a Construction Company Actually Looks Like,"Most construction businesses at £1M turnover are not short of enquiries. They are short of the right enquiries, at the r",Construction Sales Funnel: Win Contracts at Better Margins,2,0,2,12,5,Greg Wilkes,2023-02-27T16:35:38+00:00,Convert,0,convert,,2026-08-31T00:00:00+10:00,yes,,0,100,
construction-site-set-up-plan,https://develop-coaching.com/construction-site-set-up-plan/,Deliver,Deliver,Deliver,How to Organise a Construction Site: A Setup Guide,1,How to Organise a Construction Site: A Setup Guide,50,"How to organise a construction site properly: compound layout, CDM compliance, deliveries and daily management. A practical guide for UK contractors.",149,https://develop-coaching.com/construction-site-set-up-plan/,2422,10,Walk the Plot Before You Plan It,"Organising a site properly is the difference between a project that runs to programme and one that bleeds time, money an",How to Organise a Construction Site: A Setup Guide,2,0,2,8,6,Greg Wilkes,2022-02-13T20:28:13+00:00,Deliver,0,deliver,,2026-08-31T00:00:00+10:00,yes,,0,100,
construction-tendering,https://develop-coaching.com/construction-tendering/,Convert,Convert,Convert,Construction Tendering: Why You Keep Losing Bids,1,Construction Tendering: Why You Keep Losing Bids,48,"Why construction tendering fails: seven root causes that lose bids before the price is even checked, and the fixes that lift your strike rate.",142,https://develop-coaching.com/construction-tendering/,1708,8,"Run Tendering as a Task, Not a Scramble","The Hidden Cost of Poor Tendering If your team works flat out and still wins fewer than half its tenders, the problem is",Construction Tendering: Why You Keep Losing Bids,1,0,6,4,2,Greg Wilkes,2025-07-25T12:11:43+00:00,Convert,0,convert,,2026-08-31T00:00:00+10:00,yes,,0,96,Internal routes
cost-cutting-in-construction,https://develop-coaching.com/cost-cutting-in-construction/,Scale,Scale,Scale,Cost Cutting in Construction Without Cutting Quality,1,Cost Cutting in Construction Without Cutting Quality,52,"Smart cost cutting in construction: accurate estimating and value engineering, better scheduling, sustainable choices, and cutting rework rather than corners.",158,https://develop-coaching.com/cost-cutting-in-construction/,1561,7,,Most cost cutting in construction fails because it cuts the wrong things. The savings that hold come from estimating acc,Cost Cutting in Construction Without Cutting Quality,2,0,2,5,3,Greg Wilkes,2020-04-02T15:41:44+00:00,Scale,0,scale,,2026-08-31T00:00:00+10:00,yes,,0,100,
customer-reviews-for-construction-company,https://develop-coaching.com/customer-reviews-for-construction-company/,Attract,Attract,Attract,How to Get Customer Reviews for a Construction Company,1,How to Get Customer Reviews for a Construction Company,54,"How to get customer reviews for a construction company: when to ask, how to get useful ones, where to show them, and what to do about a bad one.",144,https://develop-coaching.com/customer-reviews-for-construction-company/,1905,6,"Ask, and Ask at the Right Moment","In construction your reputation is your currency. When a client is choosing between you and a competitor, reviews are of",How to Get Customer Reviews for a Construction Company,2,0,3,9,2,Greg Wilkes,2021-10-15T15:37:27+00:00,Attract,0,attract,,2026-08-31T00:00:00+10:00,yes,,0,96,Internal routes
delegation-in-construction,https://develop-coaching.com/delegation-in-construction/,Scale,Scale,Scale,Delegation in Construction: Build a Self-Running Team,1,Delegation in Construction: Build a Self-Running Team,53,"How delegation in construction works: hire leaders rather than workers, write the SOPs down, hold people accountable, and step out of daily operations.",151,https://develop-coaching.com/delegation-in-construction/,1337,9,Worker Dependent to System Dependent,The problem is not that you are not working hard enough. It is that the business lacks the people and the systems to run,Delegation in Construction: Build a Self-Running Team,2,0,2,11,2,Greg Wilkes,2025-03-11T01:43:00+00:00,Scale,0,scale,,2026-08-31T00:00:00+10:00,yes,,0,96,Internal routes
digital-marketing-construction,https://develop-coaching.com/digital-marketing-construction/,Attract,Attract,,Digital Marketing Construction: Powerful Tips for 2025,1,Digital Marketing Construction: Powerful Tips for 2024,54,We share top tips on using digital marketing construction for your construction company.,88,https://develop-coaching.com/digital-marketing-construction/,1223,5,Creating Valuable Content for the Construction Audience,Struggling to attract new clients in today’s competitive construction market? The answer lies in mastering digital marke,Digital Marketing Construction: Powerful Tips for 2024,3,0,0,2,1,Greg Wilkes,2021-09-09T12:46:11+00:00,Attract,0,,,2026-04-27T07:51:24+00:00,no,meta-88ch; schema-headline-drift; no-pillar-link,3,69,Question-shaped headings; Extractable lists; Schema integrity; Metadata; Internal routes
digital-marketing-for-construction,https://develop-coaching.com/digital-marketing-for-construction/,Uncategorized,Uncategorized,,Unlock Successful Digital Marketing for Construction 2025,1,Unlock Successful Digital Marketing for Construction 2024,57,Can paid advertising work for your construction business? Embrace the digital era and fully use digital marketing for construction industry,139,https://develop-coaching.com/digital-marketing-for-construction/,1547,4,Embracing Digital Transformation in Construction,"Did you know that over 90% of construction projects start with online research? In today’s digital age, a strong online ",Unlock Successful Digital Marketing for Construction 2024,2,0,1,6,1,Greg Wilkes,2019-08-19T11:00:17+00:00,Uncategorized,2,,,2026-04-27T07:53:34+00:00,no,schema-headline-drift; em-dashes-2; no-pillar-link,3,75,Question-shaped headings; Schema integrity; Internal routes; Brand compliance
federation-of-master-builders,https://develop-coaching.com/federation-of-master-builders/,Scale,Scale,Scale,Federation of Master Builders: Is Membership Worth It?,1,Federation of Master Builders: Is Membership Worth It?,54,"What FMB membership actually gives a construction business: the eligibility criteria, the vetting process, the marketing benefits and the training included.",156,https://develop-coaching.com/federation-of-master-builders/,1529,7,Federation of Master Builders: 3 Key Advantages for Tradesmen,Federation of Master Builders: 3 Key Advantages for Tradesmen FMB membership is not a badge you buy. You have to be a UK,Federation of Master Builders: Is Membership Worth It?,1,0,6,5,2,Greg Wilkes,2021-09-23T21:36:06+00:00,Scale,0,scale,,2026-08-31T00:00:00+10:00,yes,,0,96,Internal routes
getting-off-the-tools,https://develop-coaching.com/getting-off-the-tools/,Plan,Plan,Plan,Getting Off the Tools Without Losing Your Grip,1,Getting Off the Tools Without Losing Your Grip,46,"Getting off the tools without the work slipping: how to judge whether you are ready, plan the handover, and build a team that runs the job without you.",151,https://develop-coaching.com/getting-off-the-tools/,1481,6,Test Readiness Before You Step Back,"Getting off the tools is not about working less. It is about the business being able to deliver without you on site, and",Getting Off the Tools Without Losing Your Grip,2,0,3,8,3,Greg Wilkes,2021-12-28T21:57:09+00:00,Plan,0,plan,,2026-08-31T00:00:00+10:00,yes,,0,100,
good-reviews,https://develop-coaching.com/good-reviews/,Attract,Attract,,How to get good reviews?,1,How to get good reviews? - Develop Coaching,43,"How can you get good reviews for your construction business? Learn how to get reviews, what review platforms you should be using, and more.",139,https://develop-coaching.com/good-reviews/,737,0,,So the big question is how do you get good reviews? Because everyone looks at reviews on the internet don’t they. We’ve ,How to get good reviews? - Develop Coaching,0,0,0,1,2,Greg Wilkes,2021-10-06T12:44:52+00:00,Attract,0,,,2026-04-27T07:45:24+00:00,no,h2-count-0; schema-headline-drift; no-pillar-link,3,56,Question-shaped headings; Extractable lists; Heading structure; Depth; Schema integrity; Internal routes; Images and alt text
grow-building-company,https://develop-coaching.com/grow-building-company/,Scale,Scale,Scale,How to Grow a Building Company Without Burning Out,1,How to Grow a Building Company Without Burning Out,50,"How to grow a building company without burning out: the systems, marketing, specialisation and leadership shift that take a builder past a stuck turnover.",154,https://develop-coaching.com/grow-building-company/,1885,7,Busy Is Not the Same as Growing,"Staying small feels safe, but it is a trap. Growth is not about working harder, it is about the systems, marketing and t",How to Grow a Building Company Without Burning Out,1,0,2,7,3,Greg Wilkes,2025-10-06T01:26:16+00:00,Scale,0,scale,,2026-08-31T00:00:00+10:00,yes,,0,100,
grow-carpentry-business,https://develop-coaching.com/grow-carpentry-business/,Scale,Scale,Scale,Grow a Carpentry Business: Six Steps for UK Joiners,1,Grow a Carpentry Business: Six Steps for UK Joiners,51,"How to grow a carpentry business: stronger pricing, a production system that runs without you, a brand that attracts better clients, and the right partners.",156,https://develop-coaching.com/grow-carpentry-business/,1555,11,How to grow carpentry business the smart way,"Most carpentry firms sit at £300k to £500k for years, and it is almost never the craftsmanship. The finishes are spot on",Grow a Carpentry Business: Six Steps for UK Joiners,1,0,8,16,3,Greg Wilkes,2025-12-05T05:00:00+00:00,Scale,0,scale,,2026-08-31T00:00:00+10:00,yes,,0,100,
grow-groundworks-business,https://develop-coaching.com/grow-groundworks-business/,Scale,Scale,Scale,How to Grow a Groundworks Business to £5M,1,How to Grow a Groundworks Business to £5M,41,"Practical steps to grow a groundworks business: boost profit, control cashflow and plant, win repeat civils work, and scale with confidence rather than luck.",157,https://develop-coaching.com/grow-groundworks-business/,1391,7,"Sell Certainty, Not the Lowest Number","Most groundworks firms are brilliant on site and invisible off it. You move muck, pour slabs and keep everybody else on ",How to Grow a Groundworks Business to £5M,1,0,1,10,3,Greg Wilkes,2025-11-03T00:57:55+00:00,Scale,0,scale,,2026-08-31T00:00:00+10:00,yes,,0,95,Question-shaped headings
grow-landscaping-business,https://develop-coaching.com/grow-landscaping-business/,Attract,Attract,Attract,Grow a Landscaping Business: From Gardener to Builder,1,Grow a Landscaping Business: From Gardener to Builder,53,"How to grow a landscaping business past £500k: sell design and build projects rather than day labour, kill the winter dip, and upsell maintenance on every job.",159,https://develop-coaching.com/grow-landscaping-business/,1435,10,"The Problem Is Positioning, Not Pricing",You can mow lawns all year and still be skint. The businesses that break past £500k stop thinking like a gardener and st,Grow a Landscaping Business: From Gardener to Builder,1,0,1,17,5,Greg Wilkes,2026-01-26T05:00:00+00:00,Attract,0,attract,,2026-08-31T00:00:00+10:00,yes,,0,95,Question-shaped headings
grow-painting-business,https://develop-coaching.com/grow-painting-business/,Scale,Scale,Scale,How to Grow a Painting and Decorating Business,1,How to Grow a Painting and Decorating Business,46,"How to grow a painting business: pick a niche and own it, build a portfolio that sells, use social proof, and keep clients so repeat work does the growing.",155,https://develop-coaching.com/grow-painting-business/,1642,9,You Do Not Need to Say Yes to Everything,"The instinct when growth stalls is to take on more work. In decorating that usually makes it worse, because the jobs you",How to Grow a Painting and Decorating Business,1,0,1,9,4,Greg Wilkes,2025-12-19T05:00:00+00:00,Scale,0,scale,,2026-08-31T00:00:00+10:00,yes,,0,95,Question-shaped headings
grow-plastering-business,https://develop-coaching.com/grow-plastering-business/,Scale,Scale,Scale,How to Grow a Plastering Business Beyond Yourself,1,How to Grow a Plastering Business Beyond Yourself,49,"How to grow a plastering business: systemise the quality, control the scheduling, train for independence, and price for profit rather than out of panic.",152,https://develop-coaching.com/grow-plastering-business/,1975,10,Document the Standard Before You Hire,"Most plasterers do not fail because of bad workmanship. They fail because they cannot scale it. When it is just you, eve",How to Grow a Plastering Business Beyond Yourself,1,0,3,8,3,Greg Wilkes,2026-01-12T05:00:00+00:00,Scale,0,scale,,2026-08-31T00:00:00+10:00,yes,,0,100,
how-to-deal-with-negative-reviews,https://develop-coaching.com/how-to-deal-with-negative-reviews/,Attract,Attract,Attract,How to Deal With Negative Reviews Without Losing Work,1,How to Deal With Negative Reviews Without Losing Work,53,"How to handle a bad review: why they start appearing as you grow, how to reply without making it worse, and how to use them to find what actually slipped.",154,https://develop-coaching.com/how-to-deal-with-negative-reviews/,1165,4,Do Not Reply While You Are Angry,"You will never please every client, so the occasional bad review is not the problem. Bad reviews arriving regularly is t",How to Deal With Negative Reviews Without Losing Work,1,0,4,2,4,Greg Wilkes,2019-09-27T14:53:59+00:00,Attract,0,attract,,2026-08-31T00:00:00+10:00,yes,,0,93,Extractable lists; Depth
how-to-expand-electrical-business,https://develop-coaching.com/how-to-expand-electrical-business/,Scale,Scale,Scale,How to Expand an Electrical Business,1,How to Expand an Electrical Business,36,"How to expand an electrical business: specialise in high-demand services, build partnerships, market locally, and use compliance as a selling point.",148,https://develop-coaching.com/how-to-expand-electrical-business/,1328,7,How to Expand Your Electrical Business and Stand Out in a Crowded Market,"Being a skilled electrician no longer guarantees growth on its own, and racing to the bottom on price will not fix it. W",How to Expand an Electrical Business,1,0,2,5,5,Greg Wilkes,2025-09-08T00:22:00+00:00,Scale,0,scale,,2026-08-31T00:00:00+10:00,yes,,0,100,
how-to-find-good-tradesmen,https://develop-coaching.com/how-to-find-good-tradesmen/,Attract,Attract,Attract,How to Find Good Tradesmen and Keep Them,1,How to Find Good Tradesmen and Keep Them,40,"How to find good tradesmen for your construction business: define what you actually need, widen where you look, vet properly, and use referrals well.",149,https://develop-coaching.com/how-to-find-good-tradesmen/,1913,10,Define the Job Before You Look,"Finding good tradesmen is a process, not luck. Most bad hires trace back to a vague brief: if you cannot describe the wo",How to Find Good Tradesmen and Keep Them,1,0,3,6,2,Greg Wilkes,2021-12-15T15:09:29+00:00,Attract,0,attract,,2026-08-31T00:00:00+10:00,yes,,0,96,Internal routes
how-to-get-clients-in-construction,https://develop-coaching.com/how-to-get-clients-in-construction/,Attract,Attract,Attract,How to Get Clients in Construction,1,How to Get Clients in Construction,34,"How to get clients in construction: use the network you already have, fix your online presence, publish content worth reading, and follow up properly.",150,https://develop-coaching.com/how-to-get-clients-in-construction/,1244,7,Start With the Network You Already Have,The fastest source of new construction clients is almost always the network you already have. Most businesses go looking,How to Get Clients in Construction,2,0,1,3,2,Greg Wilkes,2022-04-02T14:36:23+00:00,Attract,0,attract,,2026-08-31T00:00:00+10:00,yes,,0,91,Question-shaped headings; Internal routes
how-to-get-good-reviews,https://develop-coaching.com/how-to-get-good-reviews/,Attract,Attract,,How to Get Good Reviews,1,How to Get Good Reviews - Develop Coaching,42,"How do you make a great job turn into a great review? Top tips to get good reviews that really work, and how to respond to a negative review.",141,https://develop-coaching.com/how-to-get-good-reviews/,1886,0,,"We’ve all been there; you carry out a job for a client, they’re over the moon, they sing your praises, and express how h",How to Get Good Reviews - Develop Coaching,0,0,0,2,2,Greg Wilkes,2019-06-13T15:43:57+00:00,Attract,0,,,2026-04-27T07:54:35+00:00,no,h2-count-0; schema-headline-drift; no-pillar-link,3,64,Question-shaped headings; Extractable lists; Heading structure; Schema integrity; Internal routes; Images and alt text
how-to-get-into-property-development,https://develop-coaching.com/how-to-get-into-property-development/,Plan,Plan,Plan,How to Get Into Property Development From Construction,1,How to Get Into Property Development From Construction,54,"How to move from construction into property development: the seven stages, how to control a site without buying it, and the mistake that ends most developers.",158,https://develop-coaching.com/how-to-get-into-property-development/,990,8,Scaling Too Fast Is What Ends Developers,"The build is the part you already know. Sourcing, appraising and planning are where development is won or lost, and all ",How to Get Into Property Development From Construction,1,0,6,2,2,Greg Wilkes,2022-04-26T15:31:28+00:00,Plan,0,plan,,2026-09-02T00:00:00+10:00,yes,,0,89,Extractable lists; Depth; Internal routes
how-to-grow-a-construction-business,https://develop-coaching.com/how-to-grow-a-construction-business/,Scale,Scale,Scale,How to Grow a Construction Business,1,How to Grow a Construction Business,35,"How to grow a construction business: get the operations, clients, cash and plan right first, then build credibility, partnerships and a genuine advantage.",154,https://develop-coaching.com/how-to-grow-a-construction-business/,2262,11,Ready Before Bigger,"Growth is not a destination, and ambition is not a plan. Before expanding, the business has to be able to absorb the dem",How to Grow a Construction Business,2,0,1,7,2,Greg Wilkes,2023-01-24T18:06:48+00:00,Scale,0,scale,,2026-09-02T00:00:00+10:00,yes,,0,91,Question-shaped headings; Internal routes
how-to-price-construction-work,https://develop-coaching.com/how-to-price-construction-work/,Convert,Convert,Convert,How to Price Construction Work for Repeat Clients,1,How to Price Construction Work for Repeat Clients,49,"How to price construction work in a way that builds trust, protects your margin, and turns a first-time client into someone who comes back.",139,https://develop-coaching.com/how-to-price-construction-work/,1514,13,A Clear Price Buys Trust,Clients rarely reject a price because it is too high. They reject it because they cannot see what they are paying for. A,How to Price Construction Work for Repeat Clients,1,0,2,10,3,Greg Wilkes,2025-11-17T05:42:59+00:00,Convert,0,convert,,2026-08-31T00:00:00+10:00,yes,,0,100,
how-to-recruit-for-your-construction-business,https://develop-coaching.com/how-to-recruit-for-your-construction-business/,Plan/Scale,Plan; Scale,,How to recruit for your construction business: Attracting the best trades,7,How to recruit for your construction business,45,How can you attract the best tradespeople for your construction company? and keep them? Check out our tips!,107,https://develop-coaching.com/how-to-recruit-for-your-construction-business/,2282,0,,Are you a construction business owner looking for the best tradespeople to help your business succeed? Are you wondering,How to recruit for your construction business,0,0,0,1,7,Greg Wilkes,2023-04-29T16:42:36+00:00,"Plan, Scale",0,,,2026-04-27T07:34:29+00:00,no,h1-count-7; meta-107ch; fluffy-intro; h2-count-0; schema-headline-drift; no-pillar-link; categories-2,7,43,Direct answer up front; Question-shaped headings; Extractable lists; Heading structure; Schema integrity; Metadata; Internal routes; Images and alt text
how-to-recruit-for-your-construction-business-2,https://develop-coaching.com/how-to-recruit-for-your-construction-business-2/,Uncategorized,Uncategorized,,How to Recruit for Your Construction Business: Expert Advice 2025,1,How to Recruit for Your Construction Business,45,How to recruit for your construction business? This blog post looks at top tips from recruitment expert Stephanie Buck.,119,https://develop-coaching.com/how-to-recruit-for-your-construction-business-2/,1057,6,Identify Key Roles and Skills Needed,Are you looking to expand your construction business but struggling to find the right talent? Recruiting skilled workers,How to Recruit for Your Construction Business,2,0,0,1,0,Greg Wilkes,2022-04-26T15:48:59+00:00,Uncategorized,0,,,2026-04-27T07:39:12+00:00,no,fluffy-intro; schema-headline-drift; no-pillar-link,3,55,Direct answer up front; Question-shaped headings; Extractable lists; Depth; Schema integrity; Internal routes
how-to-scale-your-construction-business,https://develop-coaching.com/how-to-scale-your-construction-business/,Scale,Scale,Scale,How to Scale Your Construction Business,1,How to Scale Your Construction Business,39,"How to scale a construction business: assess the model you have honestly, build a growth plan around it, then execute without breaking what already works.",154,https://develop-coaching.com/how-to-scale-your-construction-business/,2141,5,"Start With the Finances, Not the Ambition",Scaling starts with an honest assessment of the business you already have. Most growth plans fail because they are built,How to Scale Your Construction Business,1,0,1,1,13,Greg Wilkes,2023-08-30T13:26:31+00:00,Scale,0,scale,,2026-08-31T00:00:00+10:00,yes,,0,91,Question-shaped headings; Extractable lists
how-to-stop-wasting-time-on-quotes,https://develop-coaching.com/how-to-stop-wasting-time-on-quotes/,Convert,Convert,Convert,How to Stop Wasting Time on Quotes,1,How to Stop Wasting Time on Quotes,34,"How to stop wasting time on quotes: standardise the request, use the right tools, set response standards, and evaluate every quote the same way.",144,https://develop-coaching.com/how-to-stop-wasting-time-on-quotes/,1439,6,"Fix the Request, Not the Estimate","Construction professionals spend around 15 hours a week preparing quotes. That is almost two full working days, and most",How to Stop Wasting Time on Quotes,3,0,2,6,2,Greg Wilkes,2019-06-24T16:27:36+00:00,Convert,0,convert,,2026-08-31T00:00:00+10:00,yes,,0,96,Internal routes
how-to-use-social-media-for-construction-business,https://develop-coaching.com/how-to-use-social-media-for-construction-business/,Attract,Attract,Attract,Social Media for a Construction Business That Works,1,Social Media for a Construction Business That Works,51,"How to use social media for a construction business: pick the platform your clients are on, post work worth seeing, and measure whether it brings enquiries.",156,https://develop-coaching.com/how-to-use-social-media-for-construction-business/,1052,6,"Pick the Platform, Then Commit","Construction is one of the easiest industries to post about, because the work photographs itself. The mistake is spreadi",Social Media for a Construction Business That Works,2,0,2,1,2,Greg Wilkes,2023-06-27T12:00:08+00:00,Attract,0,attract,,2026-08-31T00:00:00+10:00,yes,,0,89,Extractable lists; Depth; Internal routes
mastering-construction-hiring-key-steps-for-building-a-skilled-workforce,https://develop-coaching.com/mastering-construction-hiring-key-steps-for-building-a-skilled-workforce/,Scale,Scale,Scale,Construction Hiring: Build a Skilled Workforce,1,Construction Hiring: Build a Skilled Workforce,46,"Construction hiring step by step: define what you need, write a job description that attracts, interview with structure, and onboard so people stay.",148,https://develop-coaching.com/mastering-construction-hiring-key-steps-for-building-a-skilled-workforce/,2672,13,Step 1: Define Your Needs,"Scaling a construction business means hiring, and hiring badly is expensive twice: once when you pay for the mistake, an",Construction Hiring: Build a Skilled Workforce,1,0,3,2,3,Greg Wilkes,2023-10-03T08:57:59+00:00,Scale,0,scale,,2026-08-31T00:00:00+10:00,yes,,0,96,Extractable lists
mistakes-when-scaling-a-construction-business,https://develop-coaching.com/mistakes-when-scaling-a-construction-business/,Scale,Scale,Scale,Seven Mistakes When Scaling Past £1M,1,Seven Mistakes When Scaling Past £1M,36,"The seven mistakes that stop construction businesses scaling past £1M: cash flow, underpricing, missing systems, thin leads and reactive hiring.",144,https://develop-coaching.com/mistakes-when-scaling-a-construction-business/,1251,9,Revenue Is Not the Same as Stability,Most owners assume growing past £1M means working longer hours and taking on bigger projects. It rarely does. Scaling is,Seven Mistakes When Scaling Past £1M,1,0,3,9,1,Greg Wilkes,2025-03-11T07:45:00+00:00,Scale,0,scale,,2026-08-31T00:00:00+10:00,yes,,0,96,Internal routes
perform-at-your-best,https://develop-coaching.com/perform-at-your-best/,Deliver,Deliver,Deliver,How to Perform at Your Best as a Business Owner,1,How to Perform at Your Best as a Business Owner,47,"How to perform at your best when you run a construction business: the two things that decide it, how to handle stress, and a daily routine that survives a busy week.",165,https://develop-coaching.com/perform-at-your-best/,1339,4,"Energy and Clarity, in That Order",Poor performance usually comes down to two things: energy levels and mental clarity. When both are high the work looks a,How to Perform at Your Best as a Business Owner,1,0,4,7,4,Greg Wilkes,2021-09-16T12:16:38+00:00,Deliver,0,deliver,,2026-08-31T00:00:00+10:00,yes,,0,100,
profit-and-loss-statement-for-small-construction-company,https://develop-coaching.com/profit-and-loss-statement-for-small-construction-company/,Scale,Scale,Scale,Profit and Loss Statement for a Construction Company,1,Profit and Loss Statement for a Construction Company,52,"How to build and read a profit and loss statement for a small construction company: what goes in it, how to analyse it, and what it tells you to change.",152,https://develop-coaching.com/profit-and-loss-statement-for-small-construction-company/,1304,6,"Revenue, Costs, and What Is Left","A profit and loss statement, also called an income statement, gives you a clear picture of what the business earned and ",Profit and Loss Statement for a Construction Company,2,0,2,5,1,Greg Wilkes,2021-09-09T15:07:35+00:00,Scale,0,scale,,2026-08-31T00:00:00+10:00,yes,,0,96,Internal routes
sell-construction-company,https://develop-coaching.com/sell-construction-company/,Plan,Plan,Plan,Sell Your Construction Company: How to Plan the Exit,1,Sell Your Construction Company: How to Plan the Exit,52,"How to sell your construction company: pick the right time, understand what really drives the valuation, and lift the value before you go to market.",148,https://develop-coaching.com/sell-construction-company/,1583,6,What Actually Drives the Price You Get,"The best time to sell a construction company is while it is performing at its peak, not once you have had enough of it. ",Sell Your Construction Company: How to Plan the Exit,2,0,2,6,3,Greg Wilkes,2022-04-26T15:38:04+00:00,Plan,0,plan,,2026-08-31T00:00:00+10:00,yes,,0,100,
social-media-construction-industry,https://develop-coaching.com/social-media-construction-industry/,Attract,Attract,,How to Dominate in the Social Media Construction Industry: 3 Proven Keys,1,How to Dominate in the Social Media Construction Industry,57,Learn how the social media construction industry transforms marketing for construction businesses with strategies to boost visibility and grow your client base,159,https://develop-coaching.com/social-media-construction-industry/,1392,6,Social Media in the Construction Industry: A Powerful Tool for Growth,,How to Dominate in the Social Media Construction Industry,2,0,4,0,1,Greg Wilkes,2019-07-31T10:47:58+00:00,Attract,7,,,2026-04-27T07:53:49+00:00,no,no-intro-paragraph; schema-headline-drift; em-dashes-7; no-pillar-link,4,63,Direct answer up front; Extractable lists; Schema integrity; Internal routes; Brand compliance
the-construction-company-marketing-strategy-to-scale-past-1m,https://develop-coaching.com/the-construction-company-marketing-strategy-to-scale-past-1m/,Attract,Attract,Attract,Construction Company Marketing Strategy for £1M+,1,Construction Company Marketing Strategy for £1M+,48,Stop chasing cheap work. The construction company marketing strategy UK builders use to win high-value contracts and scale confidently past £1M.,144,https://develop-coaching.com/the-construction-company-marketing-strategy-to-scale-past-1m/,2935,16,You Cannot Be Everything to Everyone,"Most builders reach £1M on word of mouth and scattergun tendering. That works up to a point. It will not get you to £3M,",Construction Company Marketing Strategy for £1M+,1,0,1,3,7,Greg Wilkes,2026-06-05T10:58:10+00:00,Attract,0,attract,,2026-08-31T00:00:00+10:00,yes,,0,95,Question-shaped headings
time-in-construction,https://develop-coaching.com/time-in-construction/,Deliver,Deliver,Deliver,Managing Time in Construction: Seven Practical Fixes,1,Managing Time in Construction: Seven Practical Fixes,52,"How to manage time in construction: what poor scheduling actually costs, and seven practical fixes from planning and technology through to resource allocation.",159,https://develop-coaching.com/time-in-construction/,2112,4,"Delays Are a Planning Problem, Not a Pace Problem","Every delay and every overrun eats directly into profit. Time management in construction is not an admin problem, it is ",Managing Time in Construction: Seven Practical Fixes,2,0,2,10,1,Greg Wilkes,2022-05-03T06:52:17+00:00,Deliver,0,deliver,,2026-08-31T00:00:00+10:00,yes,,0,96,Internal routes
trade-mastermind-construction,https://develop-coaching.com/trade-mastermind-construction/,Scale,Scale,Scale,Trade Mastermind: The Five Areas That Drive Growth,1,Trade Mastermind: The Five Areas That Drive Growth,50,"The five areas a construction business has to get right to scale: plan, attract, convert, deliver and scale, and how to work out which one to fix first.",152,https://develop-coaching.com/trade-mastermind-construction/,2008,8,"Fix One Thing, Not Five","Owners who stall usually fall into one of two camps: a plan to scale but too many things being worked on at once, or no ",Trade Mastermind: The Five Areas That Drive Growth,1,0,2,8,4,Greg Wilkes,2022-07-05T08:08:02+00:00,Scale,0,scale,,2026-08-31T00:00:00+10:00,yes,,0,100,
usp-for-construction-company,https://develop-coaching.com/usp-for-construction-company/,Plan,Plan,Plan,USP for a Construction Company: How to Stand Out,1,USP for a Construction Company: How to Stand Out,48,"How to find the USP for your construction company: run a SWOT analysis, work out what you are genuinely better at, and say it in a way clients recognise.",153,https://develop-coaching.com/usp-for-construction-company/,1575,9,Find the Answer to Why Choose Us,A unique selling proposition is your answer to the only question a client is really asking: why choose us? It has to be ,USP for a Construction Company: How to Stand Out,2,0,1,4,1,Greg Wilkes,2022-09-08T17:30:57+00:00,Plan,0,plan,,2026-08-31T00:00:00+10:00,yes,,0,91,Question-shaped headings; Internal routes
what-is-the-work-life-balance,https://develop-coaching.com/what-is-the-work-life-balance/,Deliver,Deliver,Deliver,Work-Life Balance for Construction Business Owners,1,Work-Life Balance for Construction Business Owners,50,"Work-life balance for construction business owners: delegate properly, block your time, take the holiday, and use the Wheel of Life to see where you stand.",155,https://develop-coaching.com/what-is-the-work-life-balance/,1847,5,The Business Has to Change First,Work-life balance is not about squeezing more hours into the day. It is about creating space for the business and for ev,Work-Life Balance for Construction Business Owners,1,0,1,10,2,Greg Wilkes,2025-10-20T07:03:21+00:00,Deliver,0,deliver,,2026-08-31T00:00:00+10:00,yes,,0,91,Question-shaped headings; Internal routes
what-we-can-learn-from-mount-everest,https://develop-coaching.com/what-we-can-learn-from-mount-everest/,Plan,Plan,Plan,What Climbing Everest Teaches You About Growth,1,What Climbing Everest Teaches You About Growth,46,"What Everest climbers can teach a construction business owner about growth: take it in stages, acclimatise at each camp, and know when to turn back.",148,https://develop-coaching.com/what-we-can-learn-from-mount-everest/,1074,3,The Time Spent Not Climbing Is the Point,"Nobody climbs Everest in one push. The route is broken into stages, and most of the time on the mountain is spent lettin",What Climbing Everest Teaches You About Growth,1,0,1,6,5,Greg Wilkes,2022-01-02T15:51:03+00:00,Plan,0,plan,,2026-09-02T00:00:00+10:00,yes,,0,86,Question-shaped headings; Heading structure; Depth
why-you-need-to-come-off-the-tools,https://develop-coaching.com/why-you-need-to-come-off-the-tools/,Scale,Scale,Scale,Why You Need to Come Off the Tools,1,Why You Need to Come Off the Tools,34,"Three reasons to come off the tools in a construction business: your health, your earning ceiling, and what you actually want to be doing in ten years.",151,https://develop-coaching.com/why-you-need-to-come-off-the-tools/,1019,6,You Can Only Sell So Many Hours,"Coming off the tools divides opinion, and that is fair. But whichever camp you sit in, there are three reasons it benefi",Why You Need to Come Off the Tools,1,0,4,6,3,Greg Wilkes,2019-05-08T15:30:36+00:00,Scale,0,scale,,2026-08-31T00:00:00+10:00,yes,,0,97,Depth
